Workbook
Name StoreList: Stores!$A$2:$A$500
Name EquipList: 'Equipment Types'!$A$2:$A$500

Sheet START HERE
B1: Equipment & Repair Tracker
B2: Two sources, one tracker. Your Owl Ops tasks + your Outlook invoices.
B4: THE TABS
B5: • Tasks → from Owl Ops (what broke, where). Your 9 tasks are loaded.
B6: • Invoices → from Outlook. THE ROBOT FILLS THIS automatically once set up.
B7: • Stores / Equipment Types → drop-down lists.
B8: • Trends → charts. Task counts now; cost charts fill as invoices arrive.
B10: THE INVOICE ROBOT
B11: Set it up once (see the setup guide I sent). After that: an invoice hits Outlook →
B12: a row appears on the Invoices tab by itself. You just glance weekly to set Equipment Type.

Sheet Tasks
A1: Task # | B1: Region | C1: Store | D1: Address | E1: Description | F1: Date Created | G1: Assigned To | H1: Vendor | I1: Cost ($) | J1: Budget ($) | K1: Due Date | L1: Priority | M1: Type | N1: Status | O1: Equipment Type | P1: Month | Q1: Notes
A2: 3430576 | B2: SD | C2: DD National City | D2: 2139 E. Plaza Blvd, National City, California | E2: new blender for vitamix / old one is cracked | F2: 46174 | G2: Michael Rivas | I2: 0 | J2: 0 | L2: Non-Urgent | M2: Fix | N2: Open | O2: Blender / Prep Equipment | P2: =IF($F2="","",TEXT($F2,"YYYY-MM"))
A3: 3429710 | B3: SD | C3: DD JJ Convoy | D3: 4140 Convoy St, San Diego, CA | E3: HV dual brewer hot water leaking / hot water faucet fell off and the nozzle doesn't go in correctly due to improper fitting and forcing it prior to getting into the store | F3: 46173 | G3: Ivan Gonzalez | I3: 0 | J3: 0 | L3: Med | M3: Fix | N3: Open | O3: Coffee Machine | P3: =IF($F3="","",TEXT($F3,"YYYY-MM"))
A4: 3429323 | B4: SD | C4: DD JJ Montezuma | D4: 5825 Montezuma Rd, San Diego, CA | E4: JJ back cold table / JJ back cold table is at 57 degrees | F4: 46172 | G4: Junior Berumen | I4: 0 | J4: 0 | L4: High | M4: Fix | N4: Open | O4: Reach-in Freezer | P4: =IF($F4="","",TEXT($F4,"YYYY-MM"))
A5: 3429195 | B5: SD | C5: DD JJ Montezuma | D5: 5825 Montezuma Rd, San Diego, CA | E5: Staff bathroom locked / Staff bathroom lock is stuck, unable to get into bathroom | F5: 46172 | G5: Junior Berumen | I5: 0 | J5: 0 | L5: Med | M5: Fix | N5: Open | O5: Doors / Locks | P5: =IF($F5="","",TEXT($F5,"YYYY-MM"))
A6: 3429193 | B6: SD | C6: DD JJ Montezuma | D6: 5825 Montezuma Rd, San Diego, CA | E6: Toaster Element out / Left side of toaster has an error of ' bottom left element is out' | F6: 46172 | G6: Junior Berumen | I6: 0 | J6: 0 | L6: Med | M6: Fix | N6: Open | O6: Toaster | P6: =IF($F6="","",TEXT($F6,"YYYY-MM"))
A7: 3428606 | B7: SD | C7: DD Washington St | D7: 409 Washington St, San Diego, CA | E7: Toilet paper dispenser / Our toilet dispenser needs to be replaced. Door fell off | F7: 46171 | G7: Catherine Corcoran | I7: 0 | J7: 0 | K7: 46178 | L7: Low | M7: Fix | N7: Open | O7: Doors / Locks | P7: =IF($F7="","",TEXT($F7,"YYYY-MM"))
A8: 3427494 | B8: SD | C8: DD National City | D8: 2139 E. Plaza Blvd, National City, California | E8: hand washing sink by donut case / The donut case by the hand washing sink is not tempting | F8: 46170 | G8: Michael Rivas | I8: 0 | J8: 0 | L8: Urgent | M8: Fix | N8: Open | O8: Plumbing / Restroom | P8: =IF($F8="","",TEXT($F8,"YYYY-MM"))
A9: 3427303 | B9: SD | C9: DD Miramar Flightline | D9: 8635 Obregon Ave., Bldg 8675, MCAS Miramar, San Diego, California | E9: bottom oven is smelling off / the smell is like burnt plastic and or over heating it gets extremely hot on cooling setting | F9: 46170 | G9: Jackie Gomez | I9: 0 | J9: 0 | L9: High | M9: Fix | N9: Open | O9: Range / Oven | P9: =IF($F9="","",TEXT($F9,"YYYY-MM"))
A10: 3426960 | B10: SD | C10: DD JJ Convoy | D10: 4140 Convoy St, San Diego, CA | E10: restroom door locks / received restroom door locks, now just need to be switched out | F10: 46169 | G10: Ivan Gonzalez | I10: 0 | J10: 0 | L10: Low | M10: Fix | N10: Open | O10: Doors / Locks | P10: =IF($F10="","",TEXT($F10,"YYYY-MM"))

Sheet Invoices
A1: Invoice Date | B1: Month | C1: Store | D1: Equipment Type | E1: Cost ($) | F1: Vendor | G1: Invoice # | H1: Description | I1: Status | J1: Source (email) | K1: Date Captured | L1: Notes
B2: =IF($A2="","",TEXT($A2,"YYYY-MM"))

Sheet Stores
A1: Store | B1: Region | C1: Address
A2: DD National City | B2: SD | C2: 2139 E. Plaza Blvd, National City, California
A3: DD JJ Convoy | B3: SD | C3: 4140 Convoy St, San Diego, CA
A4: DD JJ Montezuma | B4: SD | C4: 5825 Montezuma Rd, San Diego, CA
A5: DD Washington St | B5: SD | C5: 409 Washington St, San Diego, CA
A6: DD Miramar Flightline | B6: SD | C6: 8635 Obregon Ave., Bldg 8675, MCAS Miramar, San Diego, California

Sheet Equipment Types
A1: Equipment Type | B1: Class
A2: Fryer | B2: Cooking
A3: Range / Oven | B3: Cooking
A4: Grill / Griddle | B4: Cooking
A5: Hood / Exhaust Fan | B5: HVAC
A6: Walk-in Cooler | B6: Refrigeration
A7: Reach-in Freezer | B7: Refrigeration
A8: Ice Machine | B8: Refrigeration
A9: Soda / Beverage Fountain | B9: Beverage
A10: Coffee Machine | B10: Beverage
A11: Blender / Prep Equipment | B11: Prep
A12: Toaster | B12: Cooking
... A25: Other | B25: Other

Sheet Trends
A1: Trends
A2: Task counts come from Owl Ops; $ comes from invoices (fills in as the robot runs).
A4: By Store | E4: By Equipment Type
A5: Store | B5: # Open Tasks | C5: Invoice Cost ($) | E5: Equipment | F5: # Tasks | G5: Invoice Cost ($)
A6: DD National City | B6: =COUNTIF(Tasks!$C$2:$C$5000,$A6) | C6: =SUMIFS(Invoices!$E$2:$E$5000,Invoices!$C$2:$C$5000,$A6) | E6: Blender / Prep Equipment | F6: =COUNTIF(Tasks!$O$2:$O$5000,$E6) | G6: =SUMIFS(Invoices!$E$2:$E$5000,Invoices!$D$2:$D$5000,$E6)
A7: DD JJ Convoy | B7: =COUNTIF(Tasks!$C$2:$C$5000,$A7) | C7: =SUMIFS(Invoices!$E$2:$E$5000,Invoices!$C$2:$C$5000,$A7) | E7: Coffee Machine | F7: =COUNTIF(Tasks!$O$2:$O$5000,$E7) | G7: =SUMIFS(Invoices!$E$2:$E$5000,Invoices!$D$2:$D$5000,$E7)
A8: DD JJ Montezuma | B8: =COUNTIF(Tasks!$C$2:$C$5000,$A8) | C8: =SUMIFS(Invoices!$E$2:$E$5000,Invoices!$C$2:$C$5000,$A8) | E8: Doors / Locks | F8: =COUNTIF(Tasks!$O$2:$O$5000,$E8) | G8: =SUMIFS(Invoices!$E$2:$E$5000,Invoices!$D$2:$D$5000,$E8)
A9: DD Washington St | B9: =COUNTIF(Tasks!$C$2:$C$5000,$A9) | C9: =SUMIFS(Invoices!$E$2:$E$5000,Invoices!$C$2:$C$5000,$A9) | E9: Plumbing / Restroom | F9: =COUNTIF(Tasks!$O$2:$O$5000,$E9) | G9: =SUMIFS(Invoices!$E$2:$E$5000,Invoices!$D$2:$D$5000,$E9)
A10: DD Miramar Flightline | B10: =COUNTIF(Tasks!$C$2:$C$5000,$A10) | C10: =SUMIFS(Invoices!$E$2:$E$5000,Invoices!$C$2:$C$5000,$A10) | E10: Range / Oven | F10: =COUNTIF(Tasks!$O$2:$O$5000,$E10) | G10: =SUMIFS(Invoices!$E$2:$E$5000,Invoices!$D$2:$D$5000,$E10)
E11: Reach-in Freezer | F11: =COUNTIF(Tasks!$O$2:$O$5000,$E11) | G11: =SUMIFS(Invoices!$E$2:$E$5000,Invoices!$D$2:$D$5000,$E11)
A12: Invoice Cost by Month | E12: Toaster | F12: =COUNTIF(Tasks!$O$2:$O$5000,$E12) | G12: =SUMIFS(Invoices!$E$2:$E$5000,Invoices!$D$2:$D$5000,$E12)
A13: Month | B13: Cost ($)
A14: 2025-07 | B14: =SUMIFS(Invoices!$E$2:$E$5000,Invoices!$B$2:$B$5000,$A14)
A15: 2025-08 | B15: =SUMIFS(Invoices!$E$2:$E$5000,Invoices!$B$2:$B$5000,$A15)
A16: 2025-09 | B16: =SUMIFS(Invoices!$E$2:$E$5000,Invoices!$B$2:$B$5000,$A16)
A17: 2025-10 | B17: =SUMIFS(Invoices!$E$2:$E$5000,Invoices!$B$2:$B$5000,$A17)
A18: 2025-11 | B18: =SUMIFS(Invoices!$E$2:$E$5000,Invoices!$B$2:$B$5000,$A18)
A19: 2025-12 | B19: =SUMIFS(Invoices!$E$2:$E$5000,Invoices!$B$2:$B$5000,$A19)
A20: 2026-01 | B20: =SUMIFS(Invoices!$E$2:$E$5000,Invoices!$B$2:$B$5000,$A20)
A21: 2026-02 | B21: =SUMIFS(Invoices!$E$2:$E$5000,Invoices!$B$2:$B$5000,$A21)
A22: 2026-03 | B22: =SUMIFS(Invoices!$E$2:$E$5000,Invoices!$B$2:$B$5000,$A22)
A23: 2026-04 | B23: =SUMIFS(Invoices!$E$2:$E$5000,Invoices!$B$2:$B$5000,$A23)
A24: 2026-05 | B24: =SUMIFS(Invoices!$E$2:$E$5000,Invoices!$B$2:$B$5000,$A24)
A25: 2026-06 | B25: =SUMIFS(Invoices!$E$2:$E$5000,Invoices!$B$2:$B$5000,$A25)
